{
  "version": 1,
  "author": "Shashwat Shukla",
  "editor": "wokwi",
  "parts": [
    { "type": "board-esp32-devkit-c-v4", "id": "esp", "top": 86.4, "left": -52.76, "attrs": {} },
    {
      "type": "wokwi-pir-motion-sensor",
      "id": "pir1",
      "top": -15.2,
      "left": 127.02,
      "attrs": { "delayTime": "1" }
    },
    {
      "type": "wokwi-led-ring",
      "id": "ring1",
      "top": -56.96,
      "left": -229.21,
      "attrs": { "pixels": "16" }
    }
  ],
  "connections": [
    [ "esp:TX", "$serialMonitor:RX", "", [] ],
    [ "esp:RX", "$serialMonitor:TX", "", [] ],
    [ "pir1:VCC", "esp:3V3", "red", [ "v0", "h-211.2" ] ],
    [ "pir1:GND", "esp:GND.2", "black", [ "v38.4", "h-0.26" ] ],
    [ "pir1:OUT", "esp:2", "green", [ "v0" ] ],
    [ "ring1:GND", "esp:GND.1", "black", [ "v0" ] ],
    [ "ring1:VCC", "esp:3V3", "red", [ "v0" ] ],
    [ "ring1:DIN", "esp:15", "green", [ "v220.8", "h220.8", "v-57.6" ] ]
  ],
  "serialMonitor": { "display": "plotter" },
  "dependencies": {}
}